Patient,Column,Min,1%,99%,Max,Zeros,Below_1%,Above_99%
HUPA0002P,glucose,40.0,40.0,283.0,310.0,0,0,31
HUPA0002P,calories,6.092000007629395,6.092000007629395,39.08627204895011,46.542880058288574,0,0,32
HUPA0002P,heart_rate,39.38406615942436,49.46147798742138,102.80462519936198,118.08333333333331,0,32,32
HUPA0002P,steps,0.0,0.0,486.7999999999993,597.0,2052,0,32
HUPA0002P,basal_rate,0.0,0.0583333333333333,0.1416666666666666,0.1416666666666666,12,16,0
HUPA0002P,bolus_volume_delivered,0.0,0.0,3.4199999999999817,10.0,3130,0,32
HUPA0002P,carb_input,0.0,0.0,0.0,103.0,3169,0,12
