Patient,Column,Min,1%,99%,Max,Zeros,Below_1%,Above_99%
HUPA0028P,glucose,40.0,60.0,222.0,296.0,0,259,258
HUPA0028P,calories,4.496999979019165,4.496999979019165,27.43169975221157,40.20317983627319,0,0,260
HUPA0028P,heart_rate,51.93939393939394,56.747750585230904,119.68872413793099,149.27272727272728,0,260,260
HUPA0028P,steps,0.0,0.0,445.0,702.0,20376,0,259
HUPA0028P,basal_rate,0.0,0.0,0.045,0.087,15540,0,6
HUPA0028P,bolus_volume_delivered,0.0,0.0,0.0,8.0,25679,0,223
HUPA0028P,carb_input,0.0,0.0,0.0,7.0,25685,0,217
