Patient,Column,Min,1%,99%,Max,Zeros,Below_1%,Above_99%
HUPA0018P,glucose,40.0,40.0,328.7466666666666,358.0,0,0,39
HUPA0018P,calories,4.495500028133392,4.495500028133392,20.954424412250518,34.70526051521301,0,0,39
HUPA0018P,heart_rate,53.39344262295082,56.26925039872409,109.09831307729702,140.19463087248323,0,39,39
HUPA0018P,steps,0.0,0.0,337.05999999999995,486.0,2389,0,39
HUPA0018P,basal_rate,0.0,0.0,0.0,0.0,3895,0,0
HUPA0018P,bolus_volume_delivered,0.0,0.0,0.0,0.0,3895,0,0
HUPA0018P,carb_input,0.0,0.0,0.0,0.0,3895,0,0
