Patient,Column,Min,1%,99%,Max,Zeros,Below_1%,Above_99%
HUPA0015P,glucose,40.0,53.333333333333336,332.4533333333335,370.0,0,37,38
HUPA0015P,calories,4.234000146389008,4.234000146389008,31.68556288242342,52.162879943847656,0,0,38
HUPA0015P,heart_rate,49.43103448275862,52.643609756097554,126.88432648706323,174.71428571428572,0,38,38
HUPA0015P,steps,0.0,0.0,522.0900000000001,658.0,2367,0,38
HUPA0015P,basal_rate,0.0,0.0,0.0,0.0,3792,0,0
HUPA0015P,bolus_volume_delivered,0.0,0.0,0.0,0.0,3792,0,0
HUPA0015P,carb_input,0.0,0.0,0.0,0.0,3792,0,0
