Patient,Column,Min,1%,99%,Max,Zeros,Below_1%,Above_99%
HUPA0023P,glucose,40.0,55.18,226.0,302.0,0,40,39
HUPA0023P,calories,6.115000247955322,6.115000247955322,32.26518566370012,49.89840030670166,0,0,40
HUPA0023P,heart_rate,46.94444444444444,49.296176470588236,105.17197860962565,131.29054054054055,0,40,40
HUPA0023P,steps,0.0,0.0,311.920000000001,556.0,3068,0,40
HUPA0023P,basal_rate,0.0,0.0,0.035,0.07,345,0,39
HUPA0023P,bolus_volume_delivered,0.0,0.0,1.6400000000003274,5.0,3879,0,40
HUPA0023P,carb_input,0.0,0.0,4.410000000000082,10.0,3856,0,40
