Patient,Column,Min,1%,99%,Max,Zeros,Below_1%,Above_99%
HUPA0006P,glucose,42.0,48.333333333333336,387.3333333333333,438.0,0,22,21
HUPA0006P,calories,5.793499946594238,5.793499946594238,39.44678243637091,61.87457942962647,0,0,23
HUPA0006P,heart_rate,41.42342342342342,44.87766318926975,111.50484848484851,157.69767441860466,0,23,23
HUPA0006P,steps,0.0,0.0,418.1000000000013,626.0,1553,0,23
HUPA0006P,basal_rate,0.0,0.0,0.1083333333333333,0.1083333333333333,42,0,0
HUPA0006P,bolus_volume_delivered,0.0,0.0,4.8,10.8,2244,0,21
HUPA0006P,carb_input,0.0,0.0,6.0,10.0,2253,0,16
