Patient,Column,Min,1%,99%,Max,Zeros,Below_1%,Above_99%
HUPA0005P,glucose,40.0,60.0,278.14333333333326,379.0,0,38,39
HUPA0005P,calories,4.263499975204468,4.263499975204468,18.077240126729013,28.139100074768063,0,0,39
HUPA0005P,heart_rate,32.40777256477793,59.05684562211981,110.96710227272719,124.17581882702696,0,39,39
HUPA0005P,steps,0.0,0.0,233.42999999999984,597.0,3083,0,39
HUPA0005P,basal_rate,0.0,0.03,0.0833333333333333,0.0833333333333333,36,36,0
HUPA0005P,bolus_volume_delivered,0.0,0.0,1.3,4.2,3791,0,38
HUPA0005P,carb_input,0.0,0.0,1.0,4.0,3803,0,37
