Patient,Column,Min,1%,99%,Max,Zeros,Below_1%,Above_99%
HUPA0019P,glucose,51.0,63.66666666666666,329.0,371.0,0,37,37
HUPA0019P,calories,5.7840001583099365,5.7840001583099365,43.2411843299866,63.39263916015625,0,0,38
HUPA0019P,heart_rate,37.11538461538461,44.102000000000004,122.93823529411767,163.2,0,38,38
HUPA0019P,steps,0.0,0.0,549.9000000000001,637.0,2301,0,38
HUPA0019P,basal_rate,0.0,0.0,0.069,0.138,336,0,36
HUPA0019P,bolus_volume_delivered,0.0,0.0,1.0,1.0,3661,0,0
HUPA0019P,carb_input,0.0,0.0,1.0,1.0,3658,0,0
