Patient,Column,Min,1%,99%,Max,Zeros,Below_1%,Above_99%
HUPA0001P,glucose,40.0,64.95,396.0500000000002,444.0,0,41,41
HUPA0001P,calories,4.025000035762787,4.025000035762787,20.29002518951894,37.51300001144409,0,0,41
HUPA0001P,heart_rate,53.46227826956691,58.277793204238215,111.69299882629107,167.32258064516128,0,41,41
HUPA0001P,steps,0.0,0.0,318.15000000000055,621.0,2974,0,41
HUPA0001P,basal_rate,0.0,0.0,0.0916666666666666,0.0916666666666666,285,0,0
HUPA0001P,bolus_volume_delivered,0.0,0.0,1.5,5.2,4020,0,38
HUPA0001P,carb_input,0.0,0.0,0.0,4.0,4056,0,40
