Patient,Column,Min,1%,99%,Max,Zeros,Below_1%,Above_99%
HUPA0026P,glucose,40.0,40.0,334.9866666666664,422.0,0,0,407
HUPA0026P,calories,0.0,0.0,24.28992031097412,43.700039863586426,7200,0,407
HUPA0026P,heart_rate,54.53846153846154,59.16666666666666,108.97818594104305,156.9090909090909,0,406,407
HUPA0026P,steps,0.0,0.0,481.9599999999991,610.0,22283,0,407
HUPA0026P,basal_rate,0.0,0.0,0.087,0.112,13785,0,246
HUPA0026P,bolus_volume_delivered,0.0,0.0,0.0,15.0,40271,0,334
HUPA0026P,carb_input,0.0,0.0,0.0,8.0,40559,0,46
