Patient,Column,Min,1%,99%,Max,Zeros,Below_1%,Above_99%
HUPA0017P,glucose,40.0,58.0,348.6666666666667,401.0,0,35,35
HUPA0017P,calories,4.7714999318122855,4.7714999318122855,23.475779542922975,38.55371904373169,0,0,36
HUPA0017P,heart_rate,49.25,54.90305602716469,121.97767650834402,148.56172839506172,0,36,36
HUPA0017P,steps,0.0,0.0,340.0,547.0,2206,0,35
HUPA0017P,basal_rate,0.059,0.059,0.059,0.059,0,0,0
HUPA0017P,bolus_volume_delivered,-3.0,0.0,0.0,9.0,3570,4,25
HUPA0017P,carb_input,0.0,0.0,0.0,10.0,3564,0,35
