Patient,Column,Min,1%,99%,Max,Zeros,Below_1%,Above_99%
HUPA0009P,glucose,100.0,102.18302923976609,293.05876095118884,307.0,0,39,39
HUPA0009P,calories,4.575999975204468,4.575999975204468,26.713773028850543,36.33344030380249,0,0,39
HUPA0009P,heart_rate,61.875,64.63277173913043,113.60459041591318,128.22727272727272,0,39,39
HUPA0009P,steps,0.0,0.0,493.8899999999999,682.0,2242,0,39
HUPA0009P,basal_rate,0.0,0.0,0.1125,0.1125,55,0,0
HUPA0009P,bolus_volume_delivered,0.0,0.0,1.4889999999999872,5.8,3746,0,39
HUPA0009P,carb_input,0.0,0.0,0.5,2.0,3768,0,35
