Patient,Column,Min,1%,99%,Max,Zeros,Below_1%,Above_99%
HUPA0025P,glucose,40.0,40.0,210.31666666666658,245.0,0,0,41
HUPA0025P,calories,7.089999914169312,7.089999914169312,44.80880115032196,106.35000038146973,0,0,41
HUPA0025P,heart_rate,54.62857142857143,58.0264705882353,117.33701236263734,195.6153846153846,0,41,41
HUPA0025P,steps,0.0,0.0,332.0,842.0,2649,0,39
HUPA0025P,basal_rate,0.0,0.0,0.1666666666666666,0.1833333333333333,154,0,15
HUPA0025P,bolus_volume_delivered,0.0,0.0,3.8,6.5,3876,0,36
HUPA0025P,carb_input,0.0,0.0,0.0,5.5,3986,0,20
