Patient,Column,Min,1%,99%,Max,Zeros,Below_1%,Above_99%
HUPA0007P,glucose,40.0,40.561904761904756,355.8133333333334,385.0,0,39,39
HUPA0007P,calories,6.929500102996826,6.929500102996826,55.990359725952146,78.85771083831787,0,0,39
HUPA0007P,heart_rate,43.92592592592592,49.718666666666664,118.0564705882353,149.38709677419354,0,39,39
HUPA0007P,steps,0.0,0.0,455.44000000000005,560.0,2274,0,39
HUPA0007P,basal_rate,0.0,0.0,0.1083333333333333,0.1083333333333333,255,0,0
HUPA0007P,bolus_volume_delivered,0.0,0.0,5.432000000000016,13.3,3768,0,39
HUPA0007P,carb_input,0.0,0.0,3.0,8.5,3775,0,38
