Patient,Column,Min,1%,99%,Max,Zeros,Below_1%,Above_99%
HUPA0022P,glucose,40.0,40.0,211.0,298.0,0,0,39
HUPA0022P,calories,5.5650001764297485,5.5650001764297485,34.280399799346924,61.88280010223389,0,0,40
HUPA0022P,heart_rate,45.62162162162162,47.601571428571425,98.85820689655164,150.1851851851852,0,41,41
HUPA0022P,steps,0.0,0.0,442.79999999999745,544.0,2948,0,41
HUPA0022P,basal_rate,0.0708333333333333,0.075,0.25,0.25,0,2,0
HUPA0022P,bolus_volume_delivered,0.0,0.0,3.2779999999999743,12.3,3920,0,41
HUPA0022P,carb_input,0.0,0.0,53.89999999999873,120.0,3955,0,41
