Patient,Column,Min,1%,99%,Max,Zeros,Below_1%,Above_99%
HUPA0003P,glucose,44.0,56.333333333333336,327.53999999999996,366.0,0,35,38
HUPA0003P,calories,5.382999777793884,5.43500006198883,27.064078752994526,46.96871995925903,0,4,38
HUPA0003P,heart_rate,51.1778009444368,55.17792016806723,107.70745614035089,148.89743589743588,0,38,38
HUPA0003P,steps,0.0,0.0,318.2399999999998,595.0,2331,0,38
HUPA0003P,basal_rate,0.0,0.0,0.0999999999999999,0.125,81,0,30
HUPA0003P,bolus_volume_delivered,0.0,0.0,2.765499999999997,9.1,3661,0,38
HUPA0003P,carb_input,0.0,0.0,5.964999999999918,13.0,3704,0,38
