Patient,Column,Min,1%,99%,Max,Zeros,Below_1%,Above_99%
HUPA0020P,glucose,40.0,59.40666666666666,374.0,390.0,0,29,27
HUPA0020P,calories,5.392000079154968,5.392000079154968,30.84223985671997,47.88095998764038,0,0,28
HUPA0020P,heart_rate,49.99159663865546,52.77306697819315,112.3211924342105,135.37762237762237,0,29,29
HUPA0020P,steps,0.0,0.0,323.1699999999996,581.0,1788,0,29
HUPA0020P,basal_rate,0.0,0.0,0.152,0.152,234,0,0
HUPA0020P,bolus_volume_delivered,0.0,0.0,0.0,1.0,2855,0,7
HUPA0020P,carb_input,0.0,0.0,0.0,0.0,2862,0,0
