Patient,Column,Min,1%,99%,Max,Zeros,Below_1%,Above_99%
HUPA0011P,glucose,53.0,60.126666666666665,317.0,355.0,0,39,38
HUPA0011P,calories,4.157499969005585,4.157499969005585,24.081902675628655,41.74130010604858,0,0,39
HUPA0011P,heart_rate,48.96296296296296,51.81214285714285,110.39415384615386,163.78571428571428,0,39,39
HUPA0011P,steps,0.0,0.0,462.0,627.0,1981,0,38
HUPA0011P,basal_rate,0.0,0.0,0.0,0.0,3839,0,0
HUPA0011P,bolus_volume_delivered,0.0,0.0,0.0,0.0,3839,0,0
HUPA0011P,carb_input,0.0,0.0,10.0,60.0,3784,0,28
