Patient,Column,Min,1%,99%,Max,Zeros,Below_1%,Above_99%
HUPA0016P,glucose,40.0,41.921951219512195,335.43999999999994,362.0,0,39,39
HUPA0016P,calories,4.656000137329103,4.656000137329103,27.936000185012816,34.82687997817993,0,0,39
HUPA0016P,heart_rate,57.83464566929134,62.50639097744361,122.2479799631977,135.268156424581,0,39,39
HUPA0016P,steps,0.0,0.0,483.97999999999956,617.0,2221,0,39
HUPA0016P,basal_rate,0.0,0.0333333333333333,0.0999999999999999,0.1099999999999999,23,29,12
HUPA0016P,bolus_volume_delivered,0.0,0.0,3.331999999999971,8.6,3744,0,39
HUPA0016P,carb_input,0.0,0.0,4.0,8.0,3752,0,38
