Patient,Column,Min,1%,99%,Max,Zeros,Below_1%,Above_99%
HUPA0024P,glucose,42.0,48.0,338.0,359.0,0,29,28
HUPA0024P,calories,5.765500068664551,5.765500068664551,36.66857957839966,45.20151996612549,0,0,28
HUPA0024P,heart_rate,47.16666666666666,50.26942134442134,108.81761119081769,117.5968992248062,0,30,30
HUPA0024P,steps,0.0,0.0,360.9399999999987,498.0,1412,0,30
HUPA0024P,basal_rate,0.0,0.0,0.069,0.138,1164,0,9
HUPA0024P,bolus_volume_delivered,0.0,0.0,0.0,6.0,2881,0,21
HUPA0024P,carb_input,0.0,0.0,0.0,9.0,2888,0,14
