Patient,Column,Min,1%,99%,Max,Zeros,Below_1%,Above_99%
HUPA0010P,glucose,41.0,54.30913978494623,330.34375,416.0,0,30,30
HUPA0010P,calories,4.068500101566315,4.068500101566315,20.34249997138977,29.211830615997314,0,0,29
HUPA0010P,heart_rate,53.475,56.65598290598291,110.76885888501742,166.33163265306123,0,30,30
HUPA0010P,steps,0.0,0.0,363.75,593.0,1588,0,30
HUPA0010P,basal_rate,0.0,0.0,0.15,0.15,99,0,0
HUPA0010P,bolus_volume_delivered,0.0,0.0,1.18125,4.0,2898,0,30
HUPA0010P,carb_input,0.0,0.0,1.0,6.0,2934,0,27
