Patient,Column,Min,1%,99%,Max,Zeros,Below_1%,Above_99%
HUPA0021P,glucose,47.0,57.0,244.10666666666654,279.0,0,23,24
HUPA0021P,calories,3.9184999465942383,3.9184999465942383,23.197519917488098,47.49221992492676,0,0,24
HUPA0021P,heart_rate,54.72413793103448,56.37102564102564,114.52814814814812,178.76190476190476,0,24,24
HUPA0021P,steps,0.0,0.0,404.5799999999999,567.0,1396,0,24
HUPA0021P,basal_rate,0.0,0.0,0.042,0.042,119,0,0
HUPA0021P,bolus_volume_delivered,0.0,0.0,0.0,1.0,2320,0,23
HUPA0021P,carb_input,0.0,0.0,0.0,1.0,2320,0,23
