Patient,Column,Min,1%,99%,Max,Zeros,Below_1%,Above_99%
HUPA0014P,glucose,40.0,49.18666666666667,356.9240579710143,443.5,0,39,39
HUPA0014P,calories,4.493499994277954,4.493499994277954,25.702819995880127,43.31734037399292,0,0,39
HUPA0014P,heart_rate,53.51219512195122,60.176909090909085,117.48799999999997,168.5625,0,39,39
HUPA0014P,steps,0.0,0.0,483.3199999999988,609.0,2677,0,39
HUPA0014P,basal_rate,0.0,0.0,0.0,0.0,3829,0,0
HUPA0014P,bolus_volume_delivered,0.0,0.0,5.0,11.0,3788,0,31
HUPA0014P,carb_input,0.0,0.0,2.8599999999999,6.5,3789,0,39
