Patient,Column,Min,1%,99%,Max,Zeros,Below_1%,Above_99%
HUPA0027P,glucose,40.0,55.0,266.6500000000039,397.0,0,1527,1654
HUPA0027P,calories,6.154999732971192,6.154999732971192,42.34640026092529,73.73690032958984,0,0,1646
HUPA0027P,heart_rate,46.43103448275862,53.609025974025975,121.37366896677496,178.35294117647058,0,1654,1654
HUPA0027P,steps,0.0,0.0,500.0,790.0,127249,0,1644
HUPA0027P,basal_rate,0.0,0.0,0.118,0.146,67452,0,1626
HUPA0027P,bolus_volume_delivered,0.0,0.0,2.0,18.0,163430,0,1312
HUPA0027P,carb_input,0.0,0.0,0.0,10.0,163775,0,1531
