Patient,Column,Min,1%,99%,Max,Zeros,Below_1%,Above_99%
HUPA0004P,glucose,40.0,43.66666666666666,382.0,411.0,0,30,31
HUPA0004P,calories,6.275500059127808,6.275500059127808,32.15189792633058,45.936659812927246,0,0,32
HUPA0004P,heart_rate,59.88073394495413,63.060425685425685,104.337896389325,149.5625,0,32,32
HUPA0004P,steps,0.0,0.0,322.1700000000001,599.0,1942,0,32
HUPA0004P,basal_rate,0.0,0.0,0.1125,0.1125,79,0,0
HUPA0004P,bolus_volume_delivered,0.0,0.0,7.917000000000008,19.8,3139,0,32
HUPA0004P,carb_input,0.0,0.0,0.0,130.0,3164,0,20
